{"cameraMode":{"drawMode":0,"name":"Shaded","section":"Shading Mode"},"sceneLighting":false,"audioPlay":false,"sceneViewState":{"m_AlwaysRefresh":false,"showFog":true,"showSkybox":false,"showFlares":true,"showImageEffects":true,"showParticleSystems":true,"showVisualEffectGraphs":true,"m_FxEnabled":true},"in2DMode":false,"pivot":{"x":-0.07133615016937256,"y":0.16478615999221803,"z":-0.18126702308654786},"rotation":{"x":0.2012290358543396,"y":-0.24531672894954682,"z":0.052133429795503619,"w":0.9469025731086731},"size":0.4230075776576996,"orthographic":false}