{"cameraMode":{"drawMode":0,"name":"Shaded","section":"Shading Mode"},"sceneLighting":true,"audioPlay":false,"sceneViewState":{"m_AlwaysRefresh":false,"showFog":true,"showSkybox":true,"showFlares":true,"showImageEffects":true,"showParticleSystems":true,"showVisualEffectGraphs":true,"m_FxEnabled":true},"in2DMode":false,"pivot":{"x":-1.393071174621582,"y":10.577401161193848,"z":2.9258718490600588},"rotation":{"x":0.03362279385328293,"y":0.12559542059898377,"z":-0.004257886204868555,"w":0.9915047883987427},"size":8.299453735351563,"orthographic":false}