{"cameraMode":{"drawMode":0,"name":"Shaded","section":"Shading Mode"},"sceneLighting":true,"audioPlay":false,"sceneViewState":{"m_AlwaysRefresh":false,"showFog":true,"showSkybox":true,"showFlares":true,"showImageEffects":true,"showParticleSystems":true,"showVisualEffectGraphs":true,"m_FxEnabled":true},"in2DMode":false,"pivot":{"x":-4.351662635803223,"y":1.4073359966278077,"z":9.157052993774414},"rotation":{"x":0.22060257196426392,"y":0.03860245645046234,"z":0.008747340179979802,"w":-0.9745926856994629},"size":0.026676468551158906,"orthographic":false}